{
  "formatVersion": 1,
  "database": {
    "version": 4,
    "identityHash": "ef68dbb1ed8e00363cc3f1cbe3b238e3",
    "entities": [
      {
        "tableName": "article_table",
        "createSql": "CREATE TABLE IF NOT EXISTS `${TABLE_NAME}` (`id` INTEGER PRIMARY KEY AUTOINCREMENT, `title` TEXT, `summary` TEXT, `content` TEXT, `thumbnailUrl` TEXT, `viewCount` INTEGER, `publishedAt` TEXT, `updatedAt` TEXT, `categoryId` INTEGER, `userId` INTEGER, FOREIGN KEY(`userId`) REFERENCES `user_table`(`id`) ON UPDATE NO ACTION ON DELETE CASCADE , FOREIGN KEY(`categoryId`) REFERENCES `category_table`(`id`) ON UPDATE NO ACTION ON DELETE CASCADE )",
        "fields": [
          {
            "fieldPath": "id",
            "columnName": "id",
            "affinity": "INTEGER"
          },
          {
            "fieldPath": "title",
            "columnName": "title",
            "affinity": "TEXT"
          },
          {
            "fieldPath": "summary",
            "columnName": "summary",
            "affinity": "TEXT"
          },
          {
            "fieldPath": "content",
            "columnName": "content",
            "affinity": "TEXT"
          },
          {
            "fieldPath": "thumbnailUrl",
            "columnName": "thumbnailUrl",
            "affinity": "TEXT"
          },
          {
            "fieldPath": "viewCount",
            "columnName": "viewCount",
            "affinity": "INTEGER"
          },
          {
            "fieldPath": "publishedAt",
            "columnName": "publishedAt",
            "affinity": "TEXT"
          },
          {
            "fieldPath": "updatedAt",
            "columnName": "updatedAt",
            "affinity": "TEXT"
          },
          {
            "fieldPath": "categoryId",
            "columnName": "categoryId",
            "affinity": "INTEGER"
          },
          {
            "fieldPath": "userId",
            "columnName": "userId",
            "affinity": "INTEGER"
          }
        ],
        "primaryKey": {
          "autoGenerate": true,
          "columnNames": [
            "id"
          ]
        },
        "indices": [
          {
            "name": "index_article_table_userId",
            "unique": false,
            "columnNames": [
              "userId"
            ],
            "orders": [],
            "createSql": "CREATE INDEX IF NOT EXISTS `index_article_table_userId` ON `${TABLE_NAME}` (`userId`)"
          },
          {
            "name": "index_article_table_categoryId",
            "unique": false,
            "columnNames": [
              "categoryId"
            ],
            "orders": [],
            "createSql": "CREATE INDEX IF NOT EXISTS `index_article_table_categoryId` ON `${TABLE_NAME}` (`categoryId`)"
          }
        ],
        "foreignKeys": [
          {
            "table": "user_table",
            "onDelete": "CASCADE",
            "onUpdate": "NO ACTION",
            "columns": [
              "userId"
            ],
            "referencedColumns": [
              "id"
            ]
          },
          {
            "table": "category_table",
            "onDelete": "CASCADE",
            "onUpdate": "NO ACTION",
            "columns": [
              "categoryId"
            ],
            "referencedColumns": [
              "id"
            ]
          }
        ]
      },
      {
        "tableName": "comment_table",
        "createSql": "CREATE TABLE IF NOT EXISTS `${TABLE_NAME}` (`id` INTEGER PRIMARY KEY AUTOINCREMENT, `articleId` INTEGER, `userId` INTEGER, `content` TEXT, `createdAt` TEXT, `updatedAt` TEXT, FOREIGN KEY(`articleId`) REFERENCES `article_table`(`id`) ON UPDATE NO ACTION ON DELETE CASCADE , FOREIGN KEY(`userId`) REFERENCES `user_table`(`id`) ON UPDATE NO ACTION ON DELETE CASCADE )",
        "fields": [
          {
            "fieldPath": "id",
            "columnName": "id",
            "affinity": "INTEGER"
          },
          {
            "fieldPath": "articleId",
            "columnName": "articleId",
            "affinity": "INTEGER"
          },
          {
            "fieldPath": "userId",
            "columnName": "userId",
            "affinity": "INTEGER"
          },
          {
            "fieldPath": "content",
            "columnName": "content",
            "affinity": "TEXT"
          },
          {
            "fieldPath": "createdAt",
            "columnName": "createdAt",
            "affinity": "TEXT"
          },
          {
            "fieldPath": "updatedAt",
            "columnName": "updatedAt",
            "affinity": "TEXT"
          }
        ],
        "primaryKey": {
          "autoGenerate": true,
          "columnNames": [
            "id"
          ]
        },
        "indices": [
          {
            "name": "index_comment_table_articleId",
            "unique": false,
            "columnNames": [
              "articleId"
            ],
            "orders": [],
            "createSql": "CREATE INDEX IF NOT EXISTS `index_comment_table_articleId` ON `${TABLE_NAME}` (`articleId`)"
          },
          {
            "name": "index_comment_table_userId",
            "unique": false,
            "columnNames": [
              "userId"
            ],
            "orders": [],
            "createSql": "CREATE INDEX IF NOT EXISTS `index_comment_table_userId` ON `${TABLE_NAME}` (`userId`)"
          }
        ],
        "foreignKeys": [
          {
            "table": "article_table",
            "onDelete": "CASCADE",
            "onUpdate": "NO ACTION",
            "columns": [
              "articleId"
            ],
            "referencedColumns": [
              "id"
            ]
          },
          {
            "table": "user_table",
            "onDelete": "CASCADE",
            "onUpdate": "NO ACTION",
            "columns": [
              "userId"
            ],
            "referencedColumns": [
              "id"
            ]
          }
        ]
      },
      {
        "tableName": "emotion_table",
        "createSql": "CREATE TABLE IF NOT EXISTS `${TABLE_NAME}` (`id` INTEGER PRIMARY KEY AUTOINCREMENT, `articleId` INTEGER, `userId` INTEGER, `type` TEXT, `createdAt` TEXT, FOREIGN KEY(`userId`) REFERENCES `user_table`(`id`) ON UPDATE NO ACTION ON DELETE CASCADE , FOREIGN KEY(`articleId`) REFERENCES `article_table`(`id`) ON UPDATE NO ACTION ON DELETE CASCADE )",
        "fields": [
          {
            "fieldPath": "id",
            "columnName": "id",
            "affinity": "INTEGER"
          },
          {
            "fieldPath": "articleId",
            "columnName": "articleId",
            "affinity": "INTEGER"
          },
          {
            "fieldPath": "userId",
            "columnName": "userId",
            "affinity": "INTEGER"
          },
          {
            "fieldPath": "type",
            "columnName": "type",
            "affinity": "TEXT"
          },
          {
            "fieldPath": "createdAt",
            "columnName": "createdAt",
            "affinity": "TEXT"
          }
        ],
        "primaryKey": {
          "autoGenerate": true,
          "columnNames": [
            "id"
          ]
        },
        "indices": [
          {
            "name": "index_emotion_table_userId",
            "unique": false,
            "columnNames": [
              "userId"
            ],
            "orders": [],
            "createSql": "CREATE INDEX IF NOT EXISTS `index_emotion_table_userId` ON `${TABLE_NAME}` (`userId`)"
          },
          {
            "name": "index_emotion_table_articleId",
            "unique": false,
            "columnNames": [
              "articleId"
            ],
            "orders": [],
            "createSql": "CREATE INDEX IF NOT EXISTS `index_emotion_table_articleId` ON `${TABLE_NAME}` (`articleId`)"
          }
        ],
        "foreignKeys": [
          {
            "table": "user_table",
            "onDelete": "CASCADE",
            "onUpdate": "NO ACTION",
            "columns": [
              "userId"
            ],
            "referencedColumns": [
              "id"
            ]
          },
          {
            "table": "article_table",
            "onDelete": "CASCADE",
            "onUpdate": "NO ACTION",
            "columns": [
              "articleId"
            ],
            "referencedColumns": [
              "id"
            ]
          }
        ]
      },
      {
        "tableName": "notification_table",
        "createSql": "CREATE TABLE IF NOT EXISTS `${TABLE_NAME}` (`id` INTEGER PRIMARY KEY AUTOINCREMENT, `userId` INTEGER, `articleId` INTEGER, `isRead` INTEGER, `createdAt` TEXT, FOREIGN KEY(`userId`) REFERENCES `user_table`(`id`) ON UPDATE NO ACTION ON DELETE CASCADE , FOREIGN KEY(`articleId`) REFERENCES `article_table`(`id`) ON UPDATE NO ACTION ON DELETE CASCADE )",
        "fields": [
          {
            "fieldPath": "id",
            "columnName": "id",
            "affinity": "INTEGER"
          },
          {
            "fieldPath": "userId",
            "columnName": "userId",
            "affinity": "INTEGER"
          },
          {
            "fieldPath": "articleId",
            "columnName": "articleId",
            "affinity": "INTEGER"
          },
          {
            "fieldPath": "isRead",
            "columnName": "isRead",
            "affinity": "INTEGER"
          },
          {
            "fieldPath": "createdAt",
            "columnName": "createdAt",
            "affinity": "TEXT"
          }
        ],
        "primaryKey": {
          "autoGenerate": true,
          "columnNames": [
            "id"
          ]
        },
        "indices": [
          {
            "name": "index_notification_table_userId",
            "unique": false,
            "columnNames": [
              "userId"
            ],
            "orders": [],
            "createSql": "CREATE INDEX IF NOT EXISTS `index_notification_table_userId` ON `${TABLE_NAME}` (`userId`)"
          },
          {
            "name": "index_notification_table_articleId",
            "unique": false,
            "columnNames": [
              "articleId"
            ],
            "orders": [],
            "createSql": "CREATE INDEX IF NOT EXISTS `index_notification_table_articleId` ON `${TABLE_NAME}` (`articleId`)"
          }
        ],
        "foreignKeys": [
          {
            "table": "user_table",
            "onDelete": "CASCADE",
            "onUpdate": "NO ACTION",
            "columns": [
              "userId"
            ],
            "referencedColumns": [
              "id"
            ]
          },
          {
            "table": "article_table",
            "onDelete": "CASCADE",
            "onUpdate": "NO ACTION",
            "columns": [
              "articleId"
            ],
            "referencedColumns": [
              "id"
            ]
          }
        ]
      },
      {
        "tableName": "read_history_table",
        "createSql": "CREATE TABLE IF NOT EXISTS `${TABLE_NAME}` (`id` INTEGER PRIMARY KEY AUTOINCREMENT, `userId` INTEGER, `articleId` INTEGER, `readAt` TEXT, FOREIGN KEY(`userId`) REFERENCES `user_table`(`id`) ON UPDATE NO ACTION ON DELETE CASCADE , FOREIGN KEY(`articleId`) REFERENCES `article_table`(`id`) ON UPDATE NO ACTION ON DELETE CASCADE )",
        "fields": [
          {
            "fieldPath": "id",
            "columnName": "id",
            "affinity": "INTEGER"
          },
          {
            "fieldPath": "userId",
            "columnName": "userId",
            "affinity": "INTEGER"
          },
          {
            "fieldPath": "articleId",
            "columnName": "articleId",
            "affinity": "INTEGER"
          },
          {
            "fieldPath": "readAt",
            "columnName": "readAt",
            "affinity": "TEXT"
          }
        ],
        "primaryKey": {
          "autoGenerate": true,
          "columnNames": [
            "id"
          ]
        },
        "indices": [
          {
            "name": "index_read_history_table_userId_articleId",
            "unique": true,
            "columnNames": [
              "userId",
              "articleId"
            ],
            "orders": [],
            "createSql": "CREATE UNIQUE INDEX IF NOT EXISTS `index_read_history_table_userId_articleId` ON `${TABLE_NAME}` (`userId`, `articleId`)"
          }
        ],
        "foreignKeys": [
          {
            "table": "user_table",
            "onDelete": "CASCADE",
            "onUpdate": "NO ACTION",
            "columns": [
              "userId"
            ],
            "referencedColumns": [
              "id"
            ]
          },
          {
            "table": "article_table",
            "onDelete": "CASCADE",
            "onUpdate": "NO ACTION",
            "columns": [
              "articleId"
            ],
            "referencedColumns": [
              "id"
            ]
          }
        ]
      },
      {
        "tableName": "search_history_table",
        "createSql": "CREATE TABLE IF NOT EXISTS `${TABLE_NAME}` (`id` INTEGER PRIMARY KEY AUTOINCREMENT, `userId` INTEGER, `keyword` TEXT, `searchCount` INTEGER, `searchAt` TEXT, FOREIGN KEY(`userId`) REFERENCES `user_table`(`id`) ON UPDATE NO ACTION ON DELETE CASCADE )",
        "fields": [
          {
            "fieldPath": "id",
            "columnName": "id",
            "affinity": "INTEGER"
          },
          {
            "fieldPath": "userId",
            "columnName": "userId",
            "affinity": "INTEGER"
          },
          {
            "fieldPath": "keyword",
            "columnName": "keyword",
            "affinity": "TEXT"
          },
          {
            "fieldPath": "searchCount",
            "columnName": "searchCount",
            "affinity": "INTEGER"
          },
          {
            "fieldPath": "searchAt",
            "columnName": "searchAt",
            "affinity": "TEXT"
          }
        ],
        "primaryKey": {
          "autoGenerate": true,
          "columnNames": [
            "id"
          ]
        },
        "indices": [
          {
            "name": "index_search_history_table_userId",
            "unique": false,
            "columnNames": [
              "userId"
            ],
            "orders": [],
            "createSql": "CREATE INDEX IF NOT EXISTS `index_search_history_table_userId` ON `${TABLE_NAME}` (`userId`)"
          }
        ],
        "foreignKeys": [
          {
            "table": "user_table",
            "onDelete": "CASCADE",
            "onUpdate": "NO ACTION",
            "columns": [
              "userId"
            ],
            "referencedColumns": [
              "id"
            ]
          }
        ]
      },
      {
        "tableName": "user_table",
        "createSql": "CREATE TABLE IF NOT EXISTS `${TABLE_NAME}` (`id` INTEGER PRIMARY KEY AUTOINCREMENT, `username` TEXT, `email` TEXT, `passwordHash` TEXT, `avatarUrl` TEXT, `fullName` TEXT, `phone` TEXT, `dob` INTEGER, `isMale` INTEGER, `city` TEXT, `role` TEXT, `createdAt` INTEGER, `updatedAt` INTEGER)",
        "fields": [
          {
            "fieldPath": "id",
            "columnName": "id",
            "affinity": "INTEGER"
          },
          {
            "fieldPath": "username",
            "columnName": "username",
            "affinity": "TEXT"
          },
          {
            "fieldPath": "email",
            "columnName": "email",
            "affinity": "TEXT"
          },
          {
            "fieldPath": "passwordHash",
            "columnName": "passwordHash",
            "affinity": "TEXT"
          },
          {
            "fieldPath": "avatarUrl",
            "columnName": "avatarUrl",
            "affinity": "TEXT"
          },
          {
            "fieldPath": "fullName",
            "columnName": "fullName",
            "affinity": "TEXT"
          },
          {
            "fieldPath": "phone",
            "columnName": "phone",
            "affinity": "TEXT"
          },
          {
            "fieldPath": "dob",
            "columnName": "dob",
            "affinity": "INTEGER"
          },
          {
            "fieldPath": "isMale",
            "columnName": "isMale",
            "affinity": "INTEGER"
          },
          {
            "fieldPath": "city",
            "columnName": "city",
            "affinity": "TEXT"
          },
          {
            "fieldPath": "role",
            "columnName": "role",
            "affinity": "TEXT"
          },
          {
            "fieldPath": "createdAt",
            "columnName": "createdAt",
            "affinity": "INTEGER"
          },
          {
            "fieldPath": "updatedAt",
            "columnName": "updatedAt",
            "affinity": "INTEGER"
          }
        ],
        "primaryKey": {
          "autoGenerate": true,
          "columnNames": [
            "id"
          ]
        }
      },
      {
        "tableName": "category_table",
        "createSql": "CREATE TABLE IF NOT EXISTS `${TABLE_NAME}` (`id` INTEGER PRIMARY KEY AUTOINCREMENT, `name` TEXT, `description` TEXT, `createdAt` TEXT)",
        "fields": [
          {
            "fieldPath": "id",
            "columnName": "id",
            "affinity": "INTEGER"
          },
          {
            "fieldPath": "name",
            "columnName": "name",
            "affinity": "TEXT"
          },
          {
            "fieldPath": "description",
            "columnName": "description",
            "affinity": "TEXT"
          },
          {
            "fieldPath": "createdAt",
            "columnName": "createdAt",
            "affinity": "TEXT"
          }
        ],
        "primaryKey": {
          "autoGenerate": true,
          "columnNames": [
            "id"
          ]
        }
      },
      {
        "tableName": "saved_articles_table",
        "createSql": "CREATE TABLE IF NOT EXISTS `${TABLE_NAME}` (`id` INTEGER PRIMARY KEY AUTOINCREMENT NOT NULL, `articleId` INTEGER NOT NULL, `userId` INTEGER NOT NULL, `savedAt` TEXT, FOREIGN KEY(`articleId`) REFERENCES `article_table`(`id`) ON UPDATE NO ACTION ON DELETE CASCADE , FOREIGN KEY(`userId`) REFERENCES `user_table`(`id`) ON UPDATE NO ACTION ON DELETE CASCADE )",
        "fields": [
          {
            "fieldPath": "id",
            "columnName": "id",
            "affinity": "INTEGER",
            "notNull": true
          },
          {
            "fieldPath": "articleId",
            "columnName": "articleId",
            "affinity": "INTEGER",
            "notNull": true
          },
          {
            "fieldPath": "userId",
            "columnName": "userId",
            "affinity": "INTEGER",
            "notNull": true
          },
          {
            "fieldPath": "savedAt",
            "columnName": "savedAt",
            "affinity": "TEXT"
          }
        ],
        "primaryKey": {
          "autoGenerate": true,
          "columnNames": [
            "id"
          ]
        },
        "indices": [
          {
            "name": "index_saved_articles_table_articleId",
            "unique": false,
            "columnNames": [
              "articleId"
            ],
            "orders": [],
            "createSql": "CREATE INDEX IF NOT EXISTS `index_saved_articles_table_articleId` ON `${TABLE_NAME}` (`articleId`)"
          },
          {
            "name": "index_saved_articles_table_userId",
            "unique": false,
            "columnNames": [
              "userId"
            ],
            "orders": [],
            "createSql": "CREATE INDEX IF NOT EXISTS `index_saved_articles_table_userId` ON `${TABLE_NAME}` (`userId`)"
          }
        ],
        "foreignKeys": [
          {
            "table": "article_table",
            "onDelete": "CASCADE",
            "onUpdate": "NO ACTION",
            "columns": [
              "articleId"
            ],
            "referencedColumns": [
              "id"
            ]
          },
          {
            "table": "user_table",
            "onDelete": "CASCADE",
            "onUpdate": "NO ACTION",
            "columns": [
              "userId"
            ],
            "referencedColumns": [
              "id"
            ]
          }
        ]
      }
    ],
    "setupQueries": [
      "CREATE TABLE IF NOT EXISTS room_master_table (id INTEGER PRIMARY KEY,identity_hash TEXT)",
      "INSERT OR REPLACE INTO room_master_table (id,identity_hash) VALUES(42, 'ef68dbb1ed8e00363cc3f1cbe3b238e3')"
    ]
  }
}